entity,message
user,What is your goal?
ai_copilot,"My goal is to provide concise and informative responses to questions regarding the economies of the top 6 largest economies in the world: USA, China, Germany, Japan, India, and the UK."
user,What is the latest GDP of the United States?
ai_copilot,"The latest nominal GDP of the United States was $19.5 trillion in 2017, and it reached $20.1 trillion in Q1 2018."
user,Can you explain the main industries driving China's economy?
ai_copilot,"China's economy is driven by several key industries, including:

1. **Manufacturing**: As the world's manufacturing powerhouse, it produces a significant portion of global industrial products, including electronics, apparel, and machinery.
2. **Mining and Ore Processing**: Essential for its steel and aluminum production.
3. **Steel and Aluminium Production**: Vital materials for construction and manufacturing.
4. **Coal**: A major energy source.
5. **Textiles and Apparel**: Significant export goods.
6. **Petroleum and Chemicals**: Important for energy and various industrial processes.
7. **Food Processing**: A growing sector catering to both domestic and international markets.
8. **Automobiles and Transportation Equipment**: Including cars, rail cars, ships, and aircraft.
9. **Consumer Products**: Such as footwear, toys, and electronics.
10. **Telecommunications and Information Technology**: A rapidly growing sector.

These industries reflect China's transition from a primarily agrarian economy to an industrial and service-oriented economy."
user,"Based on the information you provided about China, how does Germany's industrial base differ?"
ai_copilot,"Germany's industrial base differs from China's in several key aspects:

1. **High-Quality Manufacturing**: Germany is renowned for its high-quality manufacturing, particularly in automotive, machinery, and chemical products. Brands like BMW, Siemens, and BASF are global leaders.

2. **Engineering and Innovation**: Germany places a strong emphasis on engineering excellence, innovation, and high-value-added manufacturing. It is a world leader in developing and manufacturing high-tech machinery and industrial equipment.

3. **Renewable Energy**: Germany is a pioneer in the renewable energy sector, particularly in wind power, and is committed to the Energiewende, transitioning to renewable energy. It leads in the production of wind turbines.

4. **Chemical Industry**: While both countries have strong chemical industries, Germany's BASF is the world's largest chemical producer, focusing on a wide range of chemical products for various industries.

5. **Automotive Industry**: Both countries have strong automotive sectors, but Germany's is notable for its focus on premium and high-performance vehicles with brands like Mercedes-Benz, Audi, and Porsche.

6. **Applied Research and Development**: Germany excels in applied research, bridging the latest university insights with industry-specific product and process improvements, which is crucial for its industrial sectors.

7. **Resource Base**: Unlike China, which has a broad base of natural resources including significant mining sectors, Germany's industrial base is less reliant on domestic natural resources and more on imported materials, focusing instead on value-added manufacturing and technology.

In summary, Germany's industrial base is characterized by high-value-added manufacturing, a focus on quality and innovation, leadership in renewable energy, and a strong commitment to research and development."
user,What are the key challenges facing Japan's economy as per the latest data?
ai_copilot,"Japan's economy faces several key challenges:

1. **High Levels of Public Debt**: With public debt at approximately 260% of GDP, Japan has the highest level of public debt among developed nations. A significant portion of this debt is held by the Bank of Japan.

2. **Aging and Declining Population**: Japan's population peaked in 2010 and has been declining since. Projections indicate it could fall below 100 million by the mid-21st century, impacting labor markets, consumption, and economic growth.

3. **Economic Growth**: Japan's GDP growth rates are modest, with projections of 1.3% in 2023 and 1.0% in 2024, indicating slow economic expansion.

These challenges, coupled with the need for structural reforms in labor and markets, pose considerable obstacles to Japan's economic prospects."
user,"Could you update me on any major economic reforms in the UK mentioned in the documents, and discuss their potential impact?"
ai_copilot,"The documents mention the UK's response to the financial crisis and economic downturn around 2008-2009, including significant measures such as cutting interest rates to historic lows and initiating quantitative easing (QE) by the Bank of England (BoE). These actions aimed to boost lending, stimulate economic activity, and support the UK economy during a period of severe recession.

The potential impacts of these reforms include:

1. **Stimulated Economic Activity**: Lower interest rates made borrowing cheaper for businesses and consumers, encouraging investment and spending.

2. **Increased Money Supply**: QE, involving the purchase of government securities, increased the money supply, further aiming to stimulate economic activity by encouraging lending and investment.

3. **Inflationary Pressures**: While these measures can boost economic activity, they also carry the risk of leading to inflationary pressures, as an increased money supply can lead to higher prices if not matched by output increases.

4. **Public Debt**: These measures can also increase public debt levels, as QE often involves the purchase of government bonds, adding to the government's liabilities.

5. **Financial Sector Stability**: By supporting lending and investment, these policies aimed to stabilize the financial sector, which was under significant stress during the financial crisis.

In the long term, the effectiveness of these reforms in promoting sustainable economic growth depends on various factors, including global economic conditions, domestic fiscal policies, and structural reforms to address underlying economic vulnerabilities."
user,Can you please explain the high economic growth rate of India in the last decade?
ai_copilot,"India's high economic growth rate in the last decade can be attributed to several factors:

1. **Economic Liberalization**: Since the 1990s, India has been progressively liberalizing its economy, reducing state control and making it easier for foreign businesses to invest and operate in India. This has spurred growth in sectors like services, IT, and manufacturing.

2. **Demographics**: India has a young population, with a median age significantly lower than that of other major economies. This demographic dividend has contributed to a growing labor force and increasing domestic consumption.

3. **Services Sector**: The services sector, especially IT and IT-enabled services, has been a significant driver of India's economic growth, contributing substantially to GDP, employment, and exports.

4. **Urbanization**: Rapid urbanization has contributed to economic growth by creating new markets, increasing consumption, and attracting investment in urban infrastructure and real estate.

5. **Government Initiatives**: Various government initiatives aimed at improving infrastructure, digitalization (Digital India), making it easier to do business (Make in India), and financial inclusion (Jan Dhan Yojana) have also played roles in stimulating economic activity.

6. **Foreign Direct Investment (FDI)**: India has become one of the top destinations for FDI, with reforms aimed at attracting foreign investment in various sectors, including defense, railways, and insurance.

7. **Consumption and Investment**: A growing middle class and increased investment in infrastructure have further fueled economic growth.

These factors, combined with India's significant market size, have contributed to its high growth rates, making it one of the fastest-growing major economies in the world."
